date,value,ts_utc,entity,unit,source,dataset_id,metric_name,is_derived,derived_from,fingerprint
2026-03-01,2.7,,,,,,,,,
,3.8,2021-04-01T00:00:00Z,KOR_UNRATE,PCT,ecos,ecos_kor_unrate,unemployment_rate,False,,ea73ed632f743af2
,3.8,2021-05-01T00:00:00Z,KOR_UNRATE,PCT,ecos,ecos_kor_unrate,unemployment_rate,False,,fa5d09cb2a7c22f6
,3.7,2021-06-01T00:00:00Z,KOR_UNRATE,PCT,ecos,ecos_kor_unrate,unemployment_rate,False,,a0216257e6081f66
,3.3,2021-07-01T00:00:00Z,KOR_UNRATE,PCT,ecos,ecos_kor_unrate,unemployment_rate,False,,9897376cb80b679a
,3.4,2021-08-01T00:00:00Z,KOR_UNRATE,PCT,ecos,ecos_kor_unrate,unemployment_rate,False,,e38a05c369e87fe9
,3.1,2021-09-01T00:00:00Z,KOR_UNRATE,PCT,ecos,ecos_kor_unrate,unemployment_rate,False,,a88dee4e35ae7b19
,3.3,2021-10-01T00:00:00Z,KOR_UNRATE,PCT,ecos,ecos_kor_unrate,unemployment_rate,False,,e7a2bd30cbaddec5
,3.1,2021-11-01T00:00:00Z,KOR_UNRATE,PCT,ecos,ecos_kor_unrate,unemployment_rate,False,,218556a4510eb404
,3.2,2021-12-01T00:00:00Z,KOR_UNRATE,PCT,ecos,ecos_kor_unrate,unemployment_rate,False,,424fe71745f5738a
,3.2,2022-01-01T00:00:00Z,KOR_UNRATE,PCT,ecos,ecos_kor_unrate,unemployment_rate,False,,0ddefacaba6dbeb5
,2.9,2022-02-01T00:00:00Z,KOR_UNRATE,PCT,ecos,ecos_kor_unrate,unemployment_rate,False,,4e8fd8b02f45ae4f
,2.8,2022-03-01T00:00:00Z,KOR_UNRATE,PCT,ecos,ecos_kor_unrate,unemployment_rate,False,,9f891c0c870b2a85
,2.8,2022-04-01T00:00:00Z,KOR_UNRATE,PCT,ecos,ecos_kor_unrate,unemployment_rate,False,,c0cd518d4e394d89
,2.9,2022-05-01T00:00:00Z,KOR_UNRATE,PCT,ecos,ecos_kor_unrate,unemployment_rate,False,,35e9081edf7644fb
,2.9,2022-06-01T00:00:00Z,KOR_UNRATE,PCT,ecos,ecos_kor_unrate,unemployment_rate,False,,92df5378815f07b0
,3.0,2022-07-01T00:00:00Z,KOR_UNRATE,PCT,ecos,ecos_kor_unrate,unemployment_rate,False,,49a7bb32ae0ab5b2
,2.8,2022-08-01T00:00:00Z,KOR_UNRATE,PCT,ecos,ecos_kor_unrate,unemployment_rate,False,,1fa1ec48f972957b
,2.9,2022-09-01T00:00:00Z,KOR_UNRATE,PCT,ecos,ecos_kor_unrate,unemployment_rate,False,,33a35b760b18a4a1
,2.9,2022-10-01T00:00:00Z,KOR_UNRATE,PCT,ecos,ecos_kor_unrate,unemployment_rate,False,,26a453163b809743
,2.8,2022-11-01T00:00:00Z,KOR_UNRATE,PCT,ecos,ecos_kor_unrate,unemployment_rate,False,,c2be5dfb83909251
,2.7,2022-12-01T00:00:00Z,KOR_UNRATE,PCT,ecos,ecos_kor_unrate,unemployment_rate,False,,b80b105c82e507df
,2.7,2023-01-01T00:00:00Z,KOR_UNRATE,PCT,ecos,ecos_kor_unrate,unemployment_rate,False,,8e002466c3995b23
,2.7,2023-02-01T00:00:00Z,KOR_UNRATE,PCT,ecos,ecos_kor_unrate,unemployment_rate,False,,21f88a5d858dfb30
,2.7,2023-03-01T00:00:00Z,KOR_UNRATE,PCT,ecos,ecos_kor_unrate,unemployment_rate,False,,bceaa4a331177b49
,2.6,2023-04-01T00:00:00Z,KOR_UNRATE,PCT,ecos,ecos_kor_unrate,unemployment_rate,False,,3e53b1720ea5faa2
,2.5,2023-05-01T00:00:00Z,KOR_UNRATE,PCT,ecos,ecos_kor_unrate,unemployment_rate,False,,045c56b16bf97185
,2.6,2023-06-01T00:00:00Z,KOR_UNRATE,PCT,ecos,ecos_kor_unrate,unemployment_rate,False,,c4c54f64339da488
,2.9,2023-07-01T00:00:00Z,KOR_UNRATE,PCT,ecos,ecos_kor_unrate,unemployment_rate,False,,b1636d17da165b12
,2.7,2023-08-01T00:00:00Z,KOR_UNRATE,PCT,ecos,ecos_kor_unrate,unemployment_rate,False,,b4cde4ed0f090652
,2.8,2023-09-01T00:00:00Z,KOR_UNRATE,PCT,ecos,ecos_kor_unrate,unemployment_rate,False,,94131e26e7896792
,2.6,2023-10-01T00:00:00Z,KOR_UNRATE,PCT,ecos,ecos_kor_unrate,unemployment_rate,False,,fb2171539dc80af7
,2.8,2023-11-01T00:00:00Z,KOR_UNRATE,PCT,ecos,ecos_kor_unrate,unemployment_rate,False,,c04becc3070e75c9
,2.8,2023-12-01T00:00:00Z,KOR_UNRATE,PCT,ecos,ecos_kor_unrate,unemployment_rate,False,,942aec871c84ee40
,2.8,2024-01-01T00:00:00Z,KOR_UNRATE,PCT,ecos,ecos_kor_unrate,unemployment_rate,False,,892b8efc98c4e7b2
,2.7,2024-02-01T00:00:00Z,KOR_UNRATE,PCT,ecos,ecos_kor_unrate,unemployment_rate,False,,5c8ad8abf1f824bd
,2.8,2024-03-01T00:00:00Z,KOR_UNRATE,PCT,ecos,ecos_kor_unrate,unemployment_rate,False,,69f561ffba793d72
,2.8,2024-04-01T00:00:00Z,KOR_UNRATE,PCT,ecos,ecos_kor_unrate,unemployment_rate,False,,59558d22fa28c813
,2.8,2024-05-01T00:00:00Z,KOR_UNRATE,PCT,ecos,ecos_kor_unrate,unemployment_rate,False,,dfb42b9ea36033c9
,2.8,2024-06-01T00:00:00Z,KOR_UNRATE,PCT,ecos,ecos_kor_unrate,unemployment_rate,False,,3d60386e7887864a
,2.7,2024-07-01T00:00:00Z,KOR_UNRATE,PCT,ecos,ecos_kor_unrate,unemployment_rate,False,,af092db5f4b79375
,2.6,2024-08-01T00:00:00Z,KOR_UNRATE,PCT,ecos,ecos_kor_unrate,unemployment_rate,False,,f734bad639df3982
,2.6,2024-09-01T00:00:00Z,KOR_UNRATE,PCT,ecos,ecos_kor_unrate,unemployment_rate,False,,667be08c3c0e8861
,2.8,2024-10-01T00:00:00Z,KOR_UNRATE,PCT,ecos,ecos_kor_unrate,unemployment_rate,False,,ce9e6f308a269a18
,2.8,2024-11-01T00:00:00Z,KOR_UNRATE,PCT,ecos,ecos_kor_unrate,unemployment_rate,False,,02c2b7903cc3a078
,3.1,2024-12-01T00:00:00Z,KOR_UNRATE,PCT,ecos,ecos_kor_unrate,unemployment_rate,False,,8f20087c316b6b2f
,2.8,2025-01-01T00:00:00Z,KOR_UNRATE,PCT,ecos,ecos_kor_unrate,unemployment_rate,False,,6e7632a7efa41348
,2.8,2025-02-01T00:00:00Z,KOR_UNRATE,PCT,ecos,ecos_kor_unrate,unemployment_rate,False,,cfc69ce00fd8bed6
,2.8,2025-03-01T00:00:00Z,KOR_UNRATE,PCT,ecos,ecos_kor_unrate,unemployment_rate,False,,c5155f311db8f8dd
,2.7,2025-04-01T00:00:00Z,KOR_UNRATE,PCT,ecos,ecos_kor_unrate,unemployment_rate,False,,23193401d1179475
,2.7,2025-05-01T00:00:00Z,KOR_UNRATE,PCT,ecos,ecos_kor_unrate,unemployment_rate,False,,2117b7e94ba646e5
,2.7,2025-06-01T00:00:00Z,KOR_UNRATE,PCT,ecos,ecos_kor_unrate,unemployment_rate,False,,21702961ff1e80c0
,2.7,2025-07-01T00:00:00Z,KOR_UNRATE,PCT,ecos,ecos_kor_unrate,unemployment_rate,False,,b9f2394dde5d9bf5
,2.8,2025-08-01T00:00:00Z,KOR_UNRATE,PCT,ecos,ecos_kor_unrate,unemployment_rate,False,,58018d69642f45d8
,2.7,2025-09-01T00:00:00Z,KOR_UNRATE,PCT,ecos,ecos_kor_unrate,unemployment_rate,False,,3809ed6f88b30050
,2.7,2025-10-01T00:00:00Z,KOR_UNRATE,PCT,ecos,ecos_kor_unrate,unemployment_rate,False,,0724878afce70296
,2.8,2025-11-01T00:00:00Z,KOR_UNRATE,PCT,ecos,ecos_kor_unrate,unemployment_rate,False,,3287559dc5d106cd
,3.3,2025-12-01T00:00:00Z,KOR_UNRATE,PCT,ecos,ecos_kor_unrate,unemployment_rate,False,,ecee2f5aa7e3490b
,3.0,2026-01-01T00:00:00Z,KOR_UNRATE,PCT,ecos,ecos_kor_unrate,unemployment_rate,False,,4940e82a7dad0a3b
,2.9,2026-02-01T00:00:00Z,KOR_UNRATE,PCT,ecos,ecos_kor_unrate,unemployment_rate,False,,ed3aa402aaaa488f
,2.7,2026-03-01T00:00:00Z,KOR_UNRATE,PCT,ecos,ecos_kor_unrate,unemployment_rate,False,,fc9a862d2c91cf08
